<?xml version="1.0" encoding="UTF-8"?>

<!-- 
 * security.xml
 *
 * Copyright (C) 2014 Universidad de Sevilla
 * Author (A) 2012 Rafael Corchuelo (corchu@us.es)
 * 
 * The use of this project is hereby constrained to the conditions of the 
 * TDG Licence, a copy of which you may download from 
 * http://www.tdg-seville.info/License.html
 -->

<beans xmlns="http://www.springframework.org/schema/beans"
	xmlns:xsi="http://www.w3.org/2001/XMLSchema-instance" xmlns:security="http://www.springframework.org/schema/security"	
	xsi:schemaLocation="
		http://www.springframework.org/schema/beans http://www.springframework.org/schema/beans/spring-beans-4.0.xsd		
        http://www.springframework.org/schema/security http://www.springframework.org/schema/security/spring-security-3.2.xsd
    ">

	<!-- Security infrastructure -->

	<bean id="loginService" class="security.LoginService" />

	<bean id="passwordEncoder"
		class="org.springframework.security.authentication.encoding.Md5PasswordEncoder" />

	<!-- Access control -->

	<security:http auto-config="true" use-expressions="true">
		<security:intercept-url pattern="/" access="permitAll" /> 

		<security:intercept-url pattern="/favicon.ico" access="permitAll" /> 
		<security:intercept-url pattern="/images/**" access="permitAll" /> 
		<security:intercept-url pattern="/scripts/**" access="permitAll" /> 
		<security:intercept-url pattern="/styles/**" access="permitAll" /> 
		<security:intercept-url pattern="/views/misc/index.jsp" access="permitAll" /> 
		<security:intercept-url pattern="/security/login.do" access="permitAll" /> 
		<security:intercept-url pattern="/security/loginFailure.do" access="permitAll" />
		<security:intercept-url pattern="/welcome/index.do" access="permitAll" />
		<security:intercept-url pattern="/about-us/index.do" access="permitAll" />
		<security:intercept-url pattern="/legal-terms/index.do" access="permitAll" />
			
		<security:intercept-url pattern="/spamTerm/administrator/**" access="hasRole('ADMIN')" />		
		<security:intercept-url pattern="/comment/administrator/delete.do" access="hasRole('ADMIN')" />
		<security:intercept-url pattern="/dashboard/administrator/list.do" access="hasRole('ADMIN')" />
		<security:intercept-url pattern="/gym/administrator/**" access="hasRole('ADMIN')" />
		<security:intercept-url pattern="/service/administrator/**" access="hasRole('ADMIN')" />
		<security:intercept-url pattern="/booking/administrator/**" access="hasRole('ADMIN')" />
		<security:intercept-url pattern="/feePayment/administrator/**" access="hasRole('ADMIN')" />
		<security:intercept-url pattern="/admin/administrator/**" access="hasRole('ADMIN')" />
		
		<security:intercept-url pattern="/service/customer/**" access="hasRole('CUSTOMER')"/>
		<security:intercept-url pattern="/booking/customer/**" access="hasRole('CUSTOMER')"/>
		<security:intercept-url pattern="/feePayment/customer/**" access="hasRole('CUSTOMER')"/>
		
		<security:intercept-url pattern="/folder/actor/**" access="hasAnyRole('CUSTOMER', 'ADMIN')"/>
		<security:intercept-url pattern="/message/actor/**" access="hasAnyRole('CUSTOMER', 'ADMIN')"/>
		<security:intercept-url pattern="/comment/actor/create.do" access="hasAnyRole('CUSTOMER', 'ADMIN')" />
		

		<security:intercept-url pattern="/creditCard/customer/**" access="hasRole('CUSTOMER')" />
		<security:intercept-url pattern="/customer/customer/**" access="hasRole('CUSTOMER')" />
		<security:intercept-url pattern="/socialIdentity/customer/**" access="hasRole('CUSTOMER')" />
		<security:intercept-url pattern="/gym/customer/**" access="hasRole('CUSTOMER')" />		
		<security:intercept-url pattern="/comment/list.do" access="permitAll" />
		<security:intercept-url pattern="/gym/list.do" access="permitAll" />
		<security:intercept-url pattern="/service/list.do" access="permitAll" />
		
		<security:intercept-url pattern="/customer/create.do" access="!hasAnyRole('CUSTOMER', 'ADMIN')" />

		<security:intercept-url pattern="/**" access="hasRole('NONE')" />

		<security:form-login 
			login-page="/security/login.do"
			password-parameter="password" 
			username-parameter="username"
			authentication-failure-url="/security/loginFailure.do" />

		<security:logout 
			logout-success-url="/" 
			invalidate-session="true" />
	</security:http>

</beans>
