<?xml version="1.0" encoding="UTF-8"?>

<!-- 
 * converters.xml
 *
 * Copyright (C) 2014 Universidad de Sevilla
 * 
 * The use of this project is hereby constrained to the conditions of the 
 * TDG Licence, a copy of which you may download from 
 * http://www.tdg-seville.info/License.html
 -->

<beans xmlns="http://www.springframework.org/schema/beans"
	xmlns:xsi="http://www.w3.org/2001/XMLSchema-instance" xmlns:util="http://www.springframework.org/schema/util"
	xsi:schemaLocation="
		http://www.springframework.org/schema/beans http://www.springframework.org/schema/beans/spring-beans-4.0.xsd		
		http://www.springframework.org/schema/util http://www.springframework.org/schema/util/spring-util-4.0.xsd		
	">

	<util:list id="converters">
		<bean class="converters.AuthorityToStringConverter" />
		<bean class="converters.StringToAuthorityConverter" />
		
		<bean class="converters.ActorToStringConverter" />
		<bean class="converters.StringToActorConverter" />
		
		<bean class="converters.AdministratorToStringConverter" />
		<bean class="converters.StringToAdministratorConverter" />
		
		<bean class="converters.CommentToStringConverter" />
		<bean class="converters.StringToCommentConverter" />
		
		<bean class="converters.CustomerToStringConverter" />
		<bean class="converters.StringToCustomerConverter" />
		
		<bean class="converters.CreditCardToStringConverter" />
		<bean class="converters.StringToCreditCardConverter" />
		
		<bean class="converters.FolderToStringConverter" />
		<bean class="converters.StringToFolderConverter" />
		
		<bean class="converters.MessageToStringConverter" />
		<bean class="converters.StringToMessageConverter" />
		
		<bean class="converters.SpamTermToStringConverter" />
		<bean class="converters.StringToSpamTermConverter" />
		
		<bean class="converters.GymToStringConverter" />
		<bean class="converters.StringToGymConverter" />
		
		<bean class="converters.BookingToStringConverter" />
		<bean class="converters.StringToBookingConverter" />
		
		<bean class="converters.FeePaymentToStringConverter" />
		<bean class="converters.StringToFeePaymentConverter" />
		
		<bean class="converters.ServiceToStringConverter" />
		<bean class="converters.StringToServiceConverter" />
		
		<bean class="converters.CommentedEntityToStringConverter" />
		<bean class="converters.StringToCommentedEntityConverter" />
		
	</util:list>
	
</beans>